Price,Close,High,Low,Open,Volume
Ticker,AAPL,AAPL,AAPL,AAPL,AAPL
Datetime,,,,,
2025-05-14 13:30:00+00:00,213.3800048828125,213.61000061035156,211.8699951171875,212.4250030517578,5855346
2025-05-14 13:45:00+00:00,213.11500549316406,213.33999633789062,211.91000366210938,213.33999633789062,2513413
2025-05-14 14:00:00+00:00,213.07009887695312,213.4185028076172,212.55239868164062,213.11000061035156,1768029
2025-05-14 14:15:00+00:00,213.2899932861328,213.94000244140625,212.89999389648438,213.0872039794922,1959647
2025-05-14 14:30:00+00:00,212.6699981689453,213.71640014648438,212.63999938964844,213.30499267578125,1259281
2025-05-14 14:45:00+00:00,212.97999572753906,213.0653076171875,212.3699951171875,212.6699981689453,1239269
2025-05-14 15:00:00+00:00,212.11000061035156,213.0998992919922,212.05999755859375,213.00999450683594,1201302
2025-05-14 15:15:00+00:00,212.6199951171875,212.88999938964844,211.88980102539062,212.11619567871094,1221497
2025-05-14 15:30:00+00:00,212.85000610351562,212.85000610351562,212.41000366210938,212.6179962158203,889810
2025-05-14 15:45:00+00:00,212.38999938964844,212.8800048828125,212.3524932861328,212.8300018310547,722616
2025-05-14 16:00:00+00:00,212.17999267578125,212.63999938964844,212.0800018310547,212.381103515625,744502
2025-05-14 16:15:00+00:00,212.2899932861328,212.41000366210938,211.99000549316406,212.19000244140625,735813
2025-05-14 16:30:00+00:00,212.11000061035156,212.60000610351562,211.97000122070312,212.2949981689453,816160
2025-05-14 16:45:00+00:00,212.00999450683594,212.4499969482422,212.00379943847656,212.11000061035156,696181
2025-05-14 17:00:00+00:00,211.360107421875,212.02999877929688,211.25,212.0,1358878
2025-05-14 17:15:00+00:00,210.9600067138672,211.3800048828125,210.58009338378906,211.36000061035156,1363910
2025-05-14 17:30:00+00:00,211.5189971923828,211.7198944091797,210.9600067138672,210.97000122070312,1022745
2025-05-14 17:45:00+00:00,211.69500732421875,211.74989318847656,211.3780059814453,211.50999450683594,607517
2025-05-14 18:00:00+00:00,211.7100067138672,211.9199981689453,211.41000366210938,211.6999969482422,680755
2025-05-14 18:15:00+00:00,211.3699951171875,211.94520568847656,211.36000061035156,211.69000244140625,740738
2025-05-14 18:30:00+00:00,211.4884033203125,212.0500030517578,211.32000732421875,211.3800048828125,1104746
2025-05-14 18:45:00+00:00,211.39999389648438,211.57000732421875,211.19000244140625,211.49000549316406,803459
2025-05-14 19:00:00+00:00,211.41070556640625,211.52000427246094,211.0,211.39999389648438,945805
2025-05-14 19:15:00+00:00,211.3594970703125,211.63499450683594,210.99000549316406,211.41250610351562,947264
2025-05-14 19:30:00+00:00,211.464599609375,211.58999633789062,211.24000549316406,211.33999633789062,1148485
2025-05-14 19:45:00+00:00,212.41000366210938,212.60000610351562,211.24000549316406,211.4698944091797,5203599
2025-05-15 13:30:00+00:00,211.11000061035156,212.52999877929688,210.97500610351562,210.9949951171875,5331047
2025-05-15 13:45:00+00:00,210.4199981689453,211.27879333496094,210.0800018310547,211.07000732421875,1763821
2025-05-15 14:00:00+00:00,210.33839416503906,210.7100067138672,209.5399932861328,210.4499969482422,1648528
2025-05-15 14:15:00+00:00,210.27499389648438,210.5800018310547,210.05999755859375,210.33999633789062,1182051
2025-05-15 14:30:00+00:00,211.32000732421875,211.47000122070312,210.19000244140625,210.32000732421875,1368861
2025-05-15 14:45:00+00:00,211.9199981689453,211.94000244140625,211.19000244140625,211.32000732421875,1276726
2025-05-15 15:00:00+00:00,211.67010498046875,212.02499389648438,211.27000427246094,211.9199981689453,1203537
2025-05-15 15:15:00+00:00,212.49639892578125,212.8000030517578,211.6699981689453,211.6699981689453,1262401
2025-05-15 15:30:00+00:00,212.7899932861328,212.91000366210938,212.1999969482422,212.5,1174239
2025-05-15 15:45:00+00:00,211.9600067138672,212.9600067138672,211.8800048828125,212.80999755859375,1305572
2025-05-15 16:00:00+00:00,211.72999572753906,212.25,211.56979370117188,211.9613037109375,1039066
2025-05-15 16:15:00+00:00,211.64169311523438,212.0,211.41009521484375,211.72999572753906,777503
2025-05-15 16:30:00+00:00,211.65989685058594,211.69000244140625,211.2100067138672,211.6300048828125,763297
2025-05-15 16:45:00+00:00,212.0399932861328,212.10000610351562,211.66000366210938,211.66000366210938,725973
2025-05-15 17:00:00+00:00,212.110107421875,212.1300048828125,211.72999572753906,212.02499389648438,756308
2025-05-15 17:15:00+00:00,212.12010192871094,212.27999877929688,211.9499969482422,212.10400390625,681626
2025-05-15 17:30:00+00:00,211.87579345703125,212.1300048828125,211.6649932861328,212.1300048828125,608564
2025-05-15 17:45:00+00:00,211.1800994873047,211.94000244140625,211.0399932861328,211.8800048828125,898290
2025-05-15 18:00:00+00:00,210.8300018310547,211.32989501953125,210.67999267578125,211.1699981689453,964986
2025-05-15 18:15:00+00:00,210.6300048828125,210.89999389648438,210.25999450683594,210.82640075683594,1177452
2025-05-15 18:30:00+00:00,211.0800018310547,211.2100067138672,210.6199951171875,210.6300048828125,871585
2025-05-15 18:45:00+00:00,210.65499877929688,211.08999633789062,210.49049377441406,211.05999755859375,773997
2025-05-15 19:00:00+00:00,210.72999572753906,211.08999633789062,210.58999633789062,210.66000366210938,912819
2025-05-15 19:15:00+00:00,210.36000061035156,211.0500030517578,210.3249969482422,210.72999572753906,1071513
2025-05-15 19:30:00+00:00,210.4600067138672,210.7100067138672,210.14999389648438,210.35000610351562,1083364
2025-05-15 19:45:00+00:00,211.45799255371094,211.4600067138672,210.375,210.44500732421875,4793740
2025-05-16 13:30:00+00:00,211.4210968017578,212.57000732421875,211.00999450683594,212.32000732421875,9265186
2025-05-16 13:45:00+00:00,211.75,211.7899932861328,211.02999877929688,211.4199981689453,2439637
2025-05-16 14:00:00+00:00,211.5399932861328,211.92999267578125,211.3000946044922,211.6999969482422,1548744
2025-05-16 14:15:00+00:00,210.60000610351562,211.5399932861328,210.55999755859375,211.52999877929688,2584614
2025-05-16 14:30:00+00:00,209.85000610351562,210.66000366210938,209.77000427246094,210.58999633789062,1585629
2025-05-16 14:45:00+00:00,210.2301025390625,210.52999877929688,209.8249969482422,209.84959411621094,1209419
2025-05-16 15:00:00+00:00,210.16000366210938,210.44000244140625,209.9949951171875,210.24000549316406,3138493
2025-05-16 15:15:00+00:00,210.0800018310547,210.49000549316406,209.90499877929688,210.14999389648438,843960
2025-05-16 15:30:00+00:00,210.51499938964844,210.8300018310547,210.08999633789062,210.08999633789062,1132249
2025-05-16 15:45:00+00:00,210.6699981689453,210.9199981689453,210.35000610351562,210.52000427246094,909118
2025-05-16 16:00:00+00:00,210.82000732421875,210.88999938964844,210.4499969482422,210.6699981689453,650916
2025-05-16 16:15:00+00:00,210.9550018310547,211.14990234375,210.7100067138672,210.81500244140625,961826
2025-05-16 16:30:00+00:00,210.94000244140625,211.11839294433594,210.6999969482422,210.9600067138672,583853
2025-05-16 16:45:00+00:00,210.91099548339844,211.1699981689453,210.91099548339844,210.97500610351562,636391
2025-05-16 17:00:00+00:00,211.17999267578125,211.2469024658203,210.75999450683594,210.91000366210938,700420
2025-05-16 17:15:00+00:00,211.11000061035156,211.4199981689453,210.98500061035156,211.1750030517578,1320365
2025-05-16 17:30:00+00:00,211.10000610351562,211.2960968017578,211.01499938964844,211.11000061035156,478545
2025-05-16 17:45:00+00:00,210.97500610351562,211.14500427246094,210.72999572753906,211.09500122070312,1857644
2025-05-16 18:00:00+00:00,211.19500732421875,211.19500732421875,210.9250030517578,210.9763946533203,614589
2025-05-16 18:15:00+00:00,211.6199951171875,211.74000549316406,211.1699981689453,211.19500732421875,947651
2025-05-16 18:30:00+00:00,211.6083984375,211.89979553222656,211.56500244140625,211.6300048828125,813331
2025-05-16 18:45:00+00:00,211.52499389648438,211.79989624023438,211.42999267578125,211.6300048828125,740950
2025-05-16 19:00:00+00:00,211.74000549316406,211.92999267578125,211.51499938964844,211.52000427246094,802005
2025-05-16 19:15:00+00:00,211.72500610351562,211.8253936767578,211.47250366210938,211.75,918670
2025-05-16 19:30:00+00:00,211.27000427246094,211.72999572753906,211.17999267578125,211.7100067138672,1002350
2025-05-16 19:45:00+00:00,211.19000244140625,211.7100067138672,211.11000061035156,211.2501983642578,2917806
2025-05-19 13:30:00+00:00,205.52999877929688,208.27000427246094,204.39999389648438,208.02499389648438,7679098
2025-05-19 13:45:00+00:00,205.72000122070312,205.8699951171875,204.25999450683594,205.52499389648438,2972062
2025-05-19 14:00:00+00:00,206.80349731445312,207.17999267578125,205.6699981689453,205.72000122070312,2611775
2025-05-19 14:15:00+00:00,206.61990356445312,207.47999572753906,206.39999389648438,206.8000030517578,1912676
2025-05-19 14:30:00+00:00,207.41000366210938,207.41000366210938,206.24000549316406,206.61000061035156,1664494
2025-05-19 14:45:00+00:00,207.5399932861328,207.58999633789062,206.7899932861328,207.41000366210938,1357713
2025-05-19 15:00:00+00:00,207.61000061035156,208.0399932861328,207.3800048828125,207.55999755859375,1297054
2025-05-19 15:15:00+00:00,207.3300018310547,207.77999877929688,206.96499633789062,207.61000061035156,999092
2025-05-19 15:30:00+00:00,207.6999969482422,207.9600067138672,207.27999877929688,207.32000732421875,790921
2025-05-19 15:45:00+00:00,207.6300048828125,207.8300018310547,207.3800048828125,207.6999969482422,597491
2025-05-19 16:00:00+00:00,207.9947967529297,208.0399932861328,207.58009338378906,207.6300048828125,579807
2025-05-19 16:15:00+00:00,208.48260498046875,208.5800018310547,207.99000549316406,208.0,1065498
2025-05-19 16:30:00+00:00,208.2100067138672,208.55499267578125,208.07000732421875,208.49000549316406,858624
2025-05-19 16:45:00+00:00,208.57000732421875,208.72000122070312,208.17999267578125,208.2100067138672,687268
2025-05-19 17:00:00+00:00,209.32000732421875,209.47999572753906,208.55999755859375,208.57000732421875,1020978
2025-05-19 17:15:00+00:00,208.92999267578125,209.47000122070312,208.8699951171875,209.32000732421875,797020
2025-05-19 17:30:00+00:00,208.74000549316406,209.1999969482422,208.72000122070312,208.92999267578125,731353
2025-05-19 17:45:00+00:00,208.4145965576172,208.77000427246094,208.35000610351562,208.74000549316406,652213
2025-05-19 18:00:00+00:00,208.0166015625,208.45680236816406,207.97000122070312,208.4149932861328,698474
2025-05-19 18:15:00+00:00,208.02999877929688,208.47000122070312,207.77999877929688,208.0,1024611
2025-05-19 18:30:00+00:00,208.42120361328125,208.639892578125,208.02999877929688,208.0500030517578,597605
2025-05-19 18:45:00+00:00,208.66000366210938,208.73500061035156,208.2100067138672,208.42999267578125,581581
2025-05-19 19:00:00+00:00,208.39999389648438,208.8000030517578,208.3446044921875,208.6699981689453,716112
2025-05-19 19:15:00+00:00,208.1273956298828,208.39999389648438,207.9600067138672,208.38999938964844,807583
2025-05-19 19:30:00+00:00,208.14999389648438,208.44000244140625,208.10000610351562,208.1199951171875,943323
2025-05-19 19:45:00+00:00,208.75999450683594,208.92999267578125,208.16000366210938,208.1699981689453,3102502
2025-05-20 13:30:00+00:00,207.03030395507812,208.07000732421875,206.47000122070312,208.0449981689453,5550535
2025-05-20 13:45:00+00:00,207.50999450683594,207.94000244140625,206.6999969482422,207.0399932861328,1968593
2025-05-20 14:00:00+00:00,207.90159606933594,208.00999450683594,207.08999633789062,207.47999572753906,1144467
2025-05-20 14:15:00+00:00,207.84500122070312,208.1436004638672,207.5749969482422,207.89500427246094,1247516
2025-05-20 14:30:00+00:00,207.97999572753906,208.0850067138672,207.66000366210938,207.8300018310547,1027668
2025-05-20 14:45:00+00:00,207.58999633789062,208.47000122070312,207.53590393066406,207.97999572753906,1020943
2025-05-20 15:00:00+00:00,207.5500030517578,207.7899932861328,207.3699951171875,207.5800018310547,853478
2025-05-20 15:15:00+00:00,207.63429260253906,207.67999267578125,207.22000122070312,207.55999755859375,860155
2025-05-20 15:30:00+00:00,207.10499572753906,207.66000366210938,207.08999633789062,207.64999389648438,746402
2025-05-20 15:45:00+00:00,207.9149932861328,208.42999267578125,207.0500030517578,207.10000610351562,1886751
2025-05-20 16:00:00+00:00,207.72999572753906,208.0800018310547,207.52000427246094,207.91000366210938,852682
2025-05-20 16:15:00+00:00,207.80999755859375,207.9199981689453,207.57000732421875,207.7100067138672,616970
2025-05-20 16:30:00+00:00,207.95970153808594,208.01539611816406,207.7100067138672,207.80999755859375,650077
2025-05-20 16:45:00+00:00,207.61000061035156,207.99000549316406,207.5800018310547,207.9499969482422,558737
2025-05-20 17:00:00+00:00,207.42999267578125,207.72999572753906,207.3800048828125,207.61000061035156,693349
2025-05-20 17:15:00+00:00,207.3800048828125,207.4597930908203,207.11000061035156,207.42999267578125,901138
2025-05-20 17:30:00+00:00,206.97000122070312,207.40499877929688,206.94000244140625,207.3699951171875,901955
2025-05-20 17:45:00+00:00,206.84860229492188,207.0449981689453,206.68499755859375,206.9499969482422,834945
2025-05-20 18:00:00+00:00,206.77999877929688,206.85499572753906,206.61000061035156,206.83999633789062,789208
2025-05-20 18:15:00+00:00,205.58999633789062,206.77999877929688,205.47000122070312,206.77000427246094,1673805
2025-05-20 18:30:00+00:00,205.47999572753906,205.72000122070312,205.2100067138672,205.5800018310547,1403753
2025-05-20 18:45:00+00:00,205.35000610351562,205.66000366210938,205.3300018310547,205.47999572753906,1059448
2025-05-20 19:00:00+00:00,205.80999755859375,205.84910583496094,205.02999877929688,205.3300018310547,1339773
2025-05-20 19:15:00+00:00,206.27000427246094,206.41000366210938,205.75,205.81199645996094,1041528
2025-05-20 19:30:00+00:00,206.08999633789062,206.52499389648438,206.08999633789062,206.27000427246094,1110818
2025-05-20 19:45:00+00:00,206.8699951171875,206.94000244140625,205.92999267578125,206.0800018310547,2620692
2025-05-21 13:30:00+00:00,205.2100067138672,205.2899932861328,204.05999755859375,205.1199951171875,3896971
2025-05-21 13:45:00+00:00,205.44000244140625,205.77000427246094,204.83999633789062,205.22999572753906,1832140
2025-05-21 14:00:00+00:00,206.58990478515625,206.60000610351562,205.02999877929688,205.42999267578125,1974459
2025-05-21 14:15:00+00:00,205.80999755859375,206.7799072265625,205.60009765625,206.60000610351562,1238105
2025-05-21 14:30:00+00:00,205.80499267578125,206.47999572753906,205.75929260253906,205.85000610351562,1098856
2025-05-21 14:45:00+00:00,206.20120239257812,206.22000122070312,205.4761962890625,205.793701171875,1088489
2025-05-21 15:00:00+00:00,206.69500732421875,206.94000244140625,206.16000366210938,206.17999267578125,1088876
2025-05-21 15:15:00+00:00,206.5800018310547,207.0399932861328,206.52999877929688,206.67999267578125,997350
2025-05-21 15:30:00+00:00,206.56500244140625,206.8699951171875,206.22000122070312,206.57000732421875,1078433
2025-05-21 15:45:00+00:00,206.0,206.5749969482422,205.99000549316406,206.56820678710938,834192
2025-05-21 16:00:00+00:00,205.91000366210938,206.27000427246094,205.8000030517578,205.9949951171875,886657
2025-05-21 16:15:00+00:00,205.63999938964844,205.94000244140625,205.5200958251953,205.91000366210938,771171
2025-05-21 16:30:00+00:00,205.96499633789062,206.08999633789062,205.63499450683594,205.64999389648438,799137
2025-05-21 16:45:00+00:00,205.15980529785156,206.08999633789062,205.0,205.9600067138672,1212267
2025-05-21 17:00:00+00:00,203.4499969482422,205.2698974609375,202.6999969482422,205.22000122070312,6829736
2025-05-21 17:15:00+00:00,202.10000610351562,203.5,202.02000427246094,203.47000122070312,3564246
2025-05-21 17:30:00+00:00,202.6999969482422,203.34500122070312,201.80999755859375,202.08999633789062,2322723
2025-05-21 17:45:00+00:00,203.0930938720703,203.2698974609375,202.57000732421875,202.67999267578125,1660284
2025-05-21 18:00:00+00:00,202.7100067138672,203.25999450683594,202.52999877929688,203.10000610351562,1482462
2025-05-21 18:15:00+00:00,202.3415069580078,202.87249755859375,201.75999450683594,202.69000244140625,2219127
2025-05-21 18:30:00+00:00,202.17999267578125,202.61000061035156,201.93499755859375,202.32000732421875,1360460
2025-05-21 18:45:00+00:00,201.38949584960938,202.22000122070312,200.89999389648438,202.17019653320312,1969841
2025-05-21 19:00:00+00:00,201.13999938964844,201.80999755859375,200.72000122070312,201.3867950439453,1995551
2025-05-21 19:15:00+00:00,201.0301055908203,201.41000366210938,200.79840087890625,201.16000366210938,1703116
2025-05-21 19:30:00+00:00,201.8800048828125,202.02999877929688,201.0500030517578,201.05999755859375,1999461
2025-05-21 19:45:00+00:00,202.05999755859375,202.49000549316406,201.57000732421875,201.8699951171875,4085950
2025-05-22 13:30:00+00:00,200.3699951171875,201.44219970703125,199.6999969482422,200.71499633789062,6516173
2025-05-22 13:45:00+00:00,201.1999969482422,201.3300018310547,200.2899932861328,200.3800048828125,2706084
2025-05-22 14:00:00+00:00,200.9600067138672,201.63999938964844,200.85499572753906,201.2100067138672,2363407
2025-05-22 14:15:00+00:00,200.36000061035156,201.1199951171875,200.25929260253906,200.97000122070312,1754203
2025-05-22 14:30:00+00:00,200.70179748535156,201.00999450683594,200.35360717773438,200.3699951171875,1675658
2025-05-22 14:45:00+00:00,200.86500549316406,201.17999267578125,200.39999389648438,200.69000244140625,1360870
2025-05-22 15:00:00+00:00,201.0399932861328,201.22000122070312,200.64999389648438,200.8699951171875,1060829
2025-05-22 15:15:00+00:00,200.9499969482422,201.36000061035156,200.75999450683594,201.0500030517578,1142194
2025-05-22 15:30:00+00:00,202.02850341796875,202.02999877929688,200.86000061035156,200.9499969482422,1461141
2025-05-22 15:45:00+00:00,201.75,202.2899932861328,201.5500030517578,202.01080322265625,1196941
2025-05-22 16:00:00+00:00,202.1199951171875,202.14480590820312,201.60000610351562,201.75,875360
2025-05-22 16:15:00+00:00,201.9499969482422,202.40989685058594,201.89120483398438,202.1199951171875,940401
2025-05-22 16:30:00+00:00,201.87649536132812,202.0699005126953,201.67999267578125,201.94500732421875,853357
2025-05-22 16:45:00+00:00,201.63279724121094,202.02000427246094,201.61000061035156,201.88499450683594,602800
2025-05-22 17:00:00+00:00,201.3000030517578,201.75999450683594,201.16000366210938,201.63999938964844,866912
2025-05-22 17:15:00+00:00,201.88999938964844,201.9499969482422,201.27999877929688,201.30999755859375,900200
2025-05-22 17:30:00+00:00,202.05230712890625,202.0850067138672,201.6699981689453,201.8800048828125,1072321
2025-05-22 17:45:00+00:00,201.88999938964844,202.17999267578125,201.77499389648438,202.0677947998047,628183
2025-05-22 18:00:00+00:00,202.0749969482422,202.11000061035156,201.6750030517578,201.88499450683594,1065883
2025-05-22 18:15:00+00:00,201.97000122070312,202.22000122070312,201.89999389648438,202.07000732421875,786175
2025-05-22 18:30:00+00:00,201.7100067138672,201.9600067138672,201.64999389648438,201.9600067138672,917368
2025-05-22 18:45:00+00:00,202.1300048828125,202.2550048828125,201.69009399414062,201.72000122070312,1083468
2025-05-22 19:00:00+00:00,202.52000427246094,202.64999389648438,202.11000061035156,202.1199951171875,1407116
2025-05-22 19:15:00+00:00,202.61000061035156,202.72000122070312,202.10000610351562,202.50999450683594,1663420
2025-05-22 19:30:00+00:00,201.82000732421875,202.64999389648438,201.77499389648438,202.6199951171875,1538909
2025-05-22 19:45:00+00:00,201.3699951171875,202.17999267578125,201.0,201.80999755859375,4166829
2025-05-23 13:30:00+00:00,196.0,197.0998992919922,193.4600067138672,193.6649932861328,16270475
2025-05-23 13:45:00+00:00,196.3699951171875,196.80999755859375,195.32000732421875,195.97999572753906,4604995
2025-05-23 14:00:00+00:00,196.92999267578125,197.3699951171875,195.98500061035156,196.33999633789062,4163950
2025-05-23 14:15:00+00:00,197.1699981689453,197.6999969482422,196.49000549316406,196.9199981689453,2931069
2025-05-23 14:30:00+00:00,196.19000244140625,197.3699951171875,196.1448974609375,197.14999389648438,2662108
2025-05-23 14:45:00+00:00,195.9300994873047,196.63999938964844,195.69000244140625,196.20480346679688,1986497
2025-05-23 15:00:00+00:00,195.97000122070312,196.5,195.86000061035156,195.94000244140625,1568245
2025-05-23 15:15:00+00:00,196.5850067138672,196.60879516601562,195.91000366210938,196.06500244140625,1572716
2025-05-23 15:30:00+00:00,196.72509765625,197.1199951171875,196.46099853515625,196.58999633789062,2397956
2025-05-23 15:45:00+00:00,196.20010375976562,196.7449951171875,195.9801025390625,196.7100067138672,1260336
2025-05-23 16:00:00+00:00,195.93409729003906,196.6699981689453,195.71499633789062,196.19000244140625,1685620
2025-05-23 16:15:00+00:00,196.05020141601562,196.2949981689453,195.75999450683594,195.9199981689453,1349173
2025-05-23 16:30:00+00:00,196.11749267578125,196.13999938964844,195.63499450683594,196.05079650878906,1379556
2025-05-23 16:45:00+00:00,196.10000610351562,196.42990112304688,195.88999938964844,196.1199951171875,1500362
2025-05-23 17:00:00+00:00,196.02000427246094,196.1999053955078,195.77000427246094,196.10499572753906,1639319
2025-05-23 17:15:00+00:00,196.6199951171875,196.67239379882812,195.93499755859375,196.00999450683594,1574693
2025-05-23 17:30:00+00:00,195.80999755859375,196.60000610351562,195.58999633789062,196.60000610351562,1759066
2025-05-23 17:45:00+00:00,195.97999572753906,196.1999969482422,195.6699981689453,195.80999755859375,1402872
2025-05-23 18:00:00+00:00,196.47000122070312,196.52999877929688,195.9199981689453,195.9550018310547,1240598
2025-05-23 18:15:00+00:00,195.75,196.5,195.08999633789062,196.4499969482422,2898253
2025-05-23 18:30:00+00:00,195.66000366210938,195.89999389648438,195.2906036376953,195.72000122070312,1232216
2025-05-23 18:45:00+00:00,195.52499389648438,195.82000732421875,195.3300018310547,195.6699981689453,1084938
2025-05-23 19:00:00+00:00,195.68499755859375,195.89999389648438,195.1750030517578,195.52000427246094,1446893
2025-05-23 19:15:00+00:00,195.46240234375,195.69000244140625,195.02999877929688,195.67999267578125,2527458
2025-05-23 19:30:00+00:00,195.73500061035156,195.97000122070312,195.32000732421875,195.4600067138672,2278231
2025-05-23 19:45:00+00:00,195.33999633789062,195.8000030517578,195.02999877929688,195.72999572753906,5850546
2025-05-27 13:30:00+00:00,197.89999389648438,199.1699981689453,197.5399932861328,198.3000030517578,6398376
2025-05-27 13:45:00+00:00,198.06759643554688,198.3498992919922,197.42999267578125,197.8800048828125,2454263
2025-05-27 14:00:00+00:00,198.2899932861328,198.63999938964844,197.92999267578125,198.0800018310547,2461671
2025-05-27 14:15:00+00:00,198.35000610351562,198.7550048828125,198.0399932861328,198.30999755859375,2028887
2025-05-27 14:30:00+00:00,198.69000244140625,198.87989807128906,198.00999450683594,198.36000061035156,1818832
2025-05-27 14:45:00+00:00,198.15499877929688,198.83999633789062,198.02000427246094,198.6999969482422,1529518
2025-05-27 15:00:00+00:00,198.65350341796875,198.77999877929688,198.10499572753906,198.1699981689453,1475046
2025-05-27 15:15:00+00:00,199.36500549316406,199.3699951171875,198.59410095214844,198.64500427246094,2053791
2025-05-27 15:30:00+00:00,199.52000427246094,199.6011962890625,199.0,199.36000061035156,1313139
2025-05-27 15:45:00+00:00,200.07000732421875,200.09300231933594,199.44500732421875,199.52499389648438,2061538
2025-05-27 16:00:00+00:00,200.30999755859375,200.5800018310547,200.0,200.07000732421875,1794327
2025-05-27 16:15:00+00:00,199.9949951171875,200.42999267578125,199.96139526367188,200.28500366210938,1324368
2025-05-27 16:30:00+00:00,200.27000427246094,200.64999389648438,199.9600067138672,199.99000549316406,1455428
2025-05-27 16:45:00+00:00,200.0399932861328,200.33999633789062,199.88999938964844,200.27000427246094,1039574
2025-05-27 17:00:00+00:00,199.92160034179688,200.1199951171875,199.6699981689453,200.0449981689453,1200419
2025-05-27 17:15:00+00:00,199.95989990234375,200.08999633789062,199.7635040283203,199.91400146484375,1093536
2025-05-27 17:30:00+00:00,200.01499938964844,200.14999389648438,199.80999755859375,199.9550018310547,968519
2025-05-27 17:45:00+00:00,200.5406951904297,200.5500030517578,199.94920349121094,200.01109313964844,1070998
2025-05-27 18:00:00+00:00,200.52000427246094,200.74000549316406,200.3800048828125,200.5399932861328,1356372
2025-05-27 18:15:00+00:00,200.3699951171875,200.5500030517578,200.35369873046875,200.52499389648438,803229
2025-05-27 18:30:00+00:00,200.2899932861328,200.5500030517578,200.22000122070312,200.3800048828125,942181
2025-05-27 18:45:00+00:00,200.46380615234375,200.50999450683594,200.22999572753906,200.2899932861328,1150518
2025-05-27 19:00:00+00:00,200.38499450683594,200.5500030517578,200.2899932861328,200.4499969482422,1049978
2025-05-27 19:15:00+00:00,200.29440307617188,200.48500061035156,200.19000244140625,200.3800048828125,1201930
2025-05-27 19:30:00+00:00,200.41000366210938,200.4600067138672,199.9499969482422,200.3000030517578,1727153
2025-05-27 19:45:00+00:00,200.1999969482422,200.47000122070312,199.92999267578125,200.41000366210938,4301535
2025-05-28 13:30:00+00:00,201.2100067138672,202.72999572753906,200.5,200.67999267578125,5011555
2025-05-28 13:45:00+00:00,200.0800018310547,201.2050018310547,199.89999389648438,201.2050018310547,2942905
2025-05-28 14:00:00+00:00,200.57000732421875,200.6999969482422,200.0,200.07000732421875,1940526
2025-05-28 14:15:00+00:00,200.75,200.89999389648438,200.5,200.5800018310547,1489149
2025-05-28 14:30:00+00:00,200.65249633789062,200.7899932861328,200.2100067138672,200.74000549316406,1413775
2025-05-28 14:45:00+00:00,200.79559326171875,201.0500030517578,200.64999389648438,200.66990661621094,1423916
2025-05-28 15:00:00+00:00,201.05999755859375,201.30999755859375,200.5800018310547,200.7899932861328,1213579
2025-05-28 15:15:00+00:00,201.0449981689453,201.3000030517578,200.94000244140625,201.07000732421875,938232
2025-05-28 15:30:00+00:00,201.13999938964844,201.2899932861328,200.99000549316406,201.0500030517578,708550
2025-05-28 15:45:00+00:00,200.90989685058594,201.25999450683594,200.8887939453125,201.14999389648438,697014
2025-05-28 16:00:00+00:00,201.2100067138672,201.25999450683594,200.86199951171875,200.91000366210938,717447
2025-05-28 16:15:00+00:00,201.10000610351562,201.2899932861328,201.02999877929688,201.1999969482422,558799
2025-05-28 16:30:00+00:00,201.21499633789062,201.35000610351562,201.0399932861328,201.08999633789062,616761
2025-05-28 16:45:00+00:00,201.0800018310547,201.2386932373047,200.8249969482422,201.2198944091797,694451
2025-05-28 17:00:00+00:00,201.19500732421875,201.32000732421875,200.92999267578125,201.08999633789062,654277
2025-05-28 17:15:00+00:00,201.11000061035156,201.52000427246094,201.08999633789062,201.19000244140625,727466
2025-05-28 17:30:00+00:00,200.8800048828125,201.1374969482422,200.72999572753906,201.1199951171875,908382
2025-05-28 17:45:00+00:00,200.86000061035156,200.9499969482422,200.76010131835938,200.8800048828125,536934
2025-05-28 18:00:00+00:00,201.125,201.25,200.82020568847656,200.8592071533203,574314
2025-05-28 18:15:00+00:00,200.85000610351562,201.1699981689453,200.8000030517578,201.125,545006
2025-05-28 18:30:00+00:00,201.07000732421875,201.2100067138672,200.77999877929688,200.83999633789062,674599
2025-05-28 18:45:00+00:00,200.88499450683594,201.19500732421875,200.32000732421875,201.0800018310547,972237
2025-05-28 19:00:00+00:00,201.1300048828125,201.52110290527344,200.80999755859375,200.8699951171875,1082818
2025-05-28 19:15:00+00:00,201.12860107421875,201.24000549316406,200.91000366210938,201.13999938964844,972563
2025-05-28 19:30:00+00:00,201.30999755859375,201.35000610351562,200.95399475097656,201.08999633789062,1265739
2025-05-28 19:45:00+00:00,200.4199981689453,201.39500427246094,200.19500732421875,201.32859802246094,3373135
2025-05-29 13:30:00+00:00,202.16000366210938,203.77999877929688,201.9499969482422,203.27000427246094,7018750
2025-05-29 13:45:00+00:00,201.34500122070312,202.41969299316406,201.0,202.17999267578125,2669309
2025-05-29 14:00:00+00:00,201.1750946044922,201.6645050048828,200.75999450683594,201.3300018310547,2233408
2025-05-29 14:15:00+00:00,201.13999938964844,201.38499450683594,200.85000610351562,201.19000244140625,1347946
2025-05-29 14:30:00+00:00,201.0,201.3800048828125,200.8699951171875,201.11000061035156,1241853
2025-05-29 14:45:00+00:00,201.4600067138672,201.64999389648438,200.96099853515625,200.97999572753906,1250774
2025-05-29 15:00:00+00:00,200.97500610351562,201.48989868164062,200.92999267578125,201.4499969482422,1105443
2025-05-29 15:15:00+00:00,200.74000549316406,201.0500030517578,200.5500030517578,200.9550018310547,1367605
2025-05-29 15:30:00+00:00,200.02999877929688,200.8000030517578,199.9600067138672,200.74000549316406,1867179
2025-05-29 15:45:00+00:00,198.86500549316406,200.24000549316406,198.6999969482422,200.02999877929688,1613932
2025-05-29 16:00:00+00:00,199.5399932861328,199.5399932861328,198.50999450683594,198.8300018310547,1650639
2025-05-29 16:15:00+00:00,199.4199981689453,199.75,199.3800048828125,199.52999877929688,1005270
2025-05-29 16:30:00+00:00,199.8300018310547,199.86000061035156,199.39999389648438,199.39999389648438,858475
2025-05-29 16:45:00+00:00,200.10009765625,200.2050018310547,199.6199951171875,199.83360290527344,1006031
2025-05-29 17:00:00+00:00,200.16000366210938,200.44960021972656,200.07000732421875,200.08999633789062,807433
2025-05-29 17:15:00+00:00,199.97500610351562,200.32000732421875,199.9199981689453,200.19000244140625,1263203
2025-05-29 17:30:00+00:00,199.4949951171875,200.1699981689453,199.47000122070312,199.9600067138672,1015583
2025-05-29 17:45:00+00:00,199.2100067138672,199.6468963623047,199.05999755859375,199.5,990124
2025-05-29 18:00:00+00:00,199.66000366210938,199.77000427246094,199.2050018310547,199.2050018310547,897791
2025-05-29 18:15:00+00:00,199.0399932861328,199.7050018310547,199.0399932861328,199.6699981689453,959782
2025-05-29 18:30:00+00:00,199.3000030517578,199.47999572753906,198.9499969482422,199.0399932861328,973253
2025-05-29 18:45:00+00:00,198.9250030517578,199.57000732421875,198.77000427246094,199.32000732421875,1103803
2025-05-29 19:00:00+00:00,198.71499633789062,199.14999389648438,198.57000732421875,198.9149932861328,1446554
2025-05-29 19:15:00+00:00,199.13929748535156,199.44500732421875,198.66000366210938,198.72999572753906,1327204
2025-05-29 19:30:00+00:00,199.38499450683594,199.38980102539062,199.0800018310547,199.125,1655855
2025-05-29 19:45:00+00:00,199.9499969482422,200.2480010986328,199.35000610351562,199.3800048828125,4232667
2025-05-30 13:30:00+00:00,198.5800018310547,199.57000732421875,198.3699951171875,199.40499877929688,4351060
2025-05-30 13:45:00+00:00,198.24769592285156,198.9799041748047,197.97000122070312,198.5449981689453,1826310
2025-05-30 14:00:00+00:00,198.94500732421875,199.34300231933594,198.156005859375,198.22000122070312,1733687
2025-05-30 14:15:00+00:00,199.24000549316406,199.3300018310547,198.86500549316406,198.9499969482422,1034011
2025-05-30 14:30:00+00:00,199.14999389648438,199.47999572753906,199.0800018310547,199.22999572753906,881978
2025-05-30 14:45:00+00:00,199.03500366210938,199.48500061035156,198.89999389648438,199.1300048828125,1030601
2025-05-30 15:00:00+00:00,199.10740661621094,199.44000244140625,198.9499969482422,199.0500030517578,693015
2025-05-30 15:15:00+00:00,199.30999755859375,199.41000366210938,198.80999755859375,199.11000061035156,696951
2025-05-30 15:30:00+00:00,198.74000549316406,199.3699951171875,198.72999572753906,199.3000030517578,813883
2025-05-30 15:45:00+00:00,198.8800048828125,199.1699981689453,198.610107421875,198.74000549316406,656266
2025-05-30 16:00:00+00:00,198.85000610351562,198.99000549316406,198.61000061035156,198.8800048828125,633112
2025-05-30 16:15:00+00:00,197.71499633789062,198.88999938964844,197.55039978027344,198.85000610351562,1535234
2025-05-30 16:30:00+00:00,197.36000061035156,197.78500366210938,196.77999877929688,197.72000122070312,2069279
2025-05-30 16:45:00+00:00,197.35670471191406,197.44000244140625,197.08999633789062,197.35000610351562,1125660
2025-05-30 17:00:00+00:00,197.97000122070312,198.1699981689453,197.1699981689453,197.33999633789062,1301846
2025-05-30 17:15:00+00:00,198.0850067138672,198.10000610351562,197.69000244140625,197.99000549316406,609056
2025-05-30 17:30:00+00:00,198.0800018310547,198.36000061035156,197.9499969482422,198.0800018310547,688066
2025-05-30 17:45:00+00:00,198.21499633789062,198.47000122070312,197.97999572753906,198.07000732421875,698351
2025-05-30 18:00:00+00:00,198.5500030517578,198.6999969482422,198.17999267578125,198.22000122070312,629524
2025-05-30 18:15:00+00:00,199.1199951171875,199.17999267578125,198.50999450683594,198.5500030517578,1172867
2025-05-30 18:30:00+00:00,198.99000549316406,199.2698974609375,198.9199981689453,199.1199951171875,1193571
2025-05-30 18:45:00+00:00,199.32000732421875,199.36000061035156,199.00070190429688,199.02000427246094,774382
2025-05-30 19:00:00+00:00,199.63209533691406,199.80999755859375,199.2888946533203,199.30999755859375,1230904
2025-05-30 19:15:00+00:00,200.05059814453125,200.22999572753906,199.6302947998047,199.63499450683594,1454881
2025-05-30 19:30:00+00:00,200.0500030517578,200.47000122070312,199.8000030517578,200.07000732421875,3717305
2025-05-30 19:45:00+00:00,200.66000366210938,201.9499969482422,199.74009704589844,200.05499267578125,8608243
2025-06-02 13:30:00+00:00,201.5399932861328,202.1300048828125,201.0500030517578,201.625,4059005
2025-06-02 13:45:00+00:00,201.11000061035156,201.6699981689453,200.52999877929688,201.5449981689453,1956231
2025-06-02 14:00:00+00:00,200.66000366210938,201.1300048828125,200.1199951171875,201.05999755859375,1885311
2025-06-02 14:15:00+00:00,200.52999877929688,200.75,200.1300048828125,200.67999267578125,966360
2025-06-02 14:30:00+00:00,201.02099609375,201.0500030517578,200.35000610351562,200.52000427246094,1107387
2025-06-02 14:45:00+00:00,201.43499755859375,201.48719787597656,200.9499969482422,201.03720092773438,1336265
2025-06-02 15:00:00+00:00,201.2100067138672,201.99000549316406,201.1199951171875,201.42999267578125,1576065
2025-06-02 15:15:00+00:00,200.7100067138672,201.28500366210938,200.6269989013672,201.2100067138672,866605
2025-06-02 15:30:00+00:00,200.5,200.84230041503906,200.3000030517578,200.72000122070312,919259
2025-06-02 15:45:00+00:00,201.0050048828125,201.10000610351562,200.4499969482422,200.49000549316406,867268
2025-06-02 16:00:00+00:00,201.05499267578125,201.1186981201172,200.71499633789062,201.0142059326172,749829
2025-06-02 16:15:00+00:00,201.02999877929688,201.10000610351562,200.8699951171875,201.0399932861328,611509
2025-06-02 16:30:00+00:00,200.64999389648438,201.16799926757812,200.57000732421875,201.02999877929688,617820
2025-06-02 16:45:00+00:00,200.89349365234375,201.0135040283203,200.60000610351562,200.63999938964844,470735
2025-06-02 17:00:00+00:00,200.9499969482422,201.1199951171875,200.86000061035156,200.89500427246094,608850
2025-06-02 17:15:00+00:00,200.860107421875,201.1199951171875,200.86000061035156,200.97999572753906,530061
2025-06-02 17:30:00+00:00,200.7050018310547,201.00360107421875,200.6558074951172,200.86000061035156,657494
2025-06-02 17:45:00+00:00,200.89999389648438,200.9199981689453,200.58009338378906,200.7100067138672,537426
2025-06-02 18:00:00+00:00,200.92999267578125,201.0447998046875,200.6300048828125,200.89999389648438,785303
2025-06-02 18:15:00+00:00,201.45399475097656,201.52999877929688,200.92999267578125,200.92999267578125,824536
2025-06-02 18:30:00+00:00,201.27000427246094,201.52999877929688,201.22000122070312,201.4499969482422,575354
2025-06-02 18:45:00+00:00,201.26499938964844,201.39990234375,201.1750030517578,201.27000427246094,584118
2025-06-02 19:00:00+00:00,201.28500366210938,201.4499969482422,201.13999938964844,201.27000427246094,771214
2025-06-02 19:15:00+00:00,201.66000366210938,201.7799072265625,201.22000122070312,201.28500366210938,874913
2025-06-02 19:30:00+00:00,201.5,201.66690063476562,201.4199981689453,201.64999389648438,1460738
2025-06-02 19:45:00+00:00,201.8000030517578,201.80990600585938,201.3000030517578,201.50999450683594,2512091
2025-06-03 13:30:00+00:00,202.00999450683594,202.59230041503906,200.9550018310547,202.13499450683594,4754139
2025-06-03 13:45:00+00:00,202.5500030517578,202.85000610351562,201.8699951171875,202.01499938964844,2383373
2025-06-03 14:00:00+00:00,202.2899932861328,203.24000549316406,202.18499755859375,202.55999755859375,1748431
2025-06-03 14:15:00+00:00,201.74000549316406,202.4199981689453,201.61000061035156,202.27999877929688,1419815
2025-06-03 14:30:00+00:00,201.8446044921875,201.89999389648438,201.52020263671875,201.74000549316406,1315578
2025-06-03 14:45:00+00:00,202.05499267578125,202.14999389648438,201.72500610351562,201.85000610351562,1094461
2025-06-03 15:00:00+00:00,202.52999877929688,202.58999633789062,202.05999755859375,202.05999755859375,1160241
2025-06-03 15:15:00+00:00,202.5,202.69000244140625,202.3699951171875,202.52000427246094,1178007
2025-06-03 15:30:00+00:00,202.4499969482422,202.5850067138672,202.35000610351562,202.52000427246094,780211
2025-06-03 15:45:00+00:00,202.9199981689453,202.97000122070312,202.05999755859375,202.4674072265625,1027247
2025-06-03 16:00:00+00:00,202.8300018310547,203.33999633789062,202.58999633789062,202.92999267578125,1382424
2025-06-03 16:15:00+00:00,203.05499267578125,203.22000122070312,202.75,202.8300018310547,1028093
2025-06-03 16:30:00+00:00,203.4499969482422,203.74000549316406,203.0500030517578,203.05999755859375,1329649
2025-06-03 16:45:00+00:00,203.14999389648438,203.4550018310547,203.00999450683594,203.4550018310547,777804
2025-06-03 17:00:00+00:00,203.1999969482422,203.24000549316406,202.89999389648438,203.14999389648438,767798
2025-06-03 17:15:00+00:00,203.31460571289062,203.39999389648438,202.72000122070312,203.1999969482422,945320
2025-06-03 17:30:00+00:00,203.60000610351562,203.77000427246094,203.28500366210938,203.3350067138672,1045438
2025-06-03 17:45:00+00:00,203.21499633789062,203.66000366210938,203.1699981689453,203.6300048828125,658543
2025-06-03 18:00:00+00:00,202.66000366210938,203.27000427246094,202.5,203.22999572753906,888342
2025-06-03 18:15:00+00:00,203.09170532226562,203.10000610351562,202.50999450683594,202.65499877929688,747185
2025-06-03 18:30:00+00:00,203.34539794921875,203.375,203.0800018310547,203.0800018310547,659072
2025-06-03 18:45:00+00:00,203.39999389648438,203.41000366210938,203.14999389648438,203.36000061035156,601973
2025-06-03 19:00:00+00:00,203.16000366210938,203.4398956298828,203.00999450683594,203.39500427246094,863902
2025-06-03 19:15:00+00:00,203.17999267578125,203.3000030517578,202.99000549316406,203.15499877929688,866283
2025-06-03 19:30:00+00:00,203.081298828125,203.38999938964844,202.99000549316406,203.17999267578125,934771
2025-06-03 19:45:00+00:00,203.33999633789062,203.4698944091797,202.97999572753906,203.0800018310547,3100337
2025-06-04 13:30:00+00:00,204.5330047607422,204.83999633789062,202.6508026123047,203.4499969482422,5210457
2025-06-04 13:45:00+00:00,205.03489685058594,205.36000061035156,204.25,204.34500122070312,2334017
2025-06-04 14:00:00+00:00,205.5500030517578,206.24000549316406,204.6199951171875,205.05999755859375,3188681
2025-06-04 14:15:00+00:00,205.13999938964844,205.7899932861328,204.64500427246094,205.5500030517578,1880918
2025-06-04 14:30:00+00:00,204.50999450683594,205.17999267578125,204.49000549316406,205.1199951171875,1041498
2025-06-04 14:45:00+00:00,204.27999877929688,204.64999389648438,203.99009704589844,204.52000427246094,1207311
2025-06-04 15:00:00+00:00,204.3249969482422,204.7100067138672,204.14999389648438,204.31500244140625,1179279
2025-06-04 15:15:00+00:00,204.08999633789062,204.50999450683594,204.08999633789062,204.3300018310547,1011057
2025-06-04 15:30:00+00:00,202.9398956298828,204.60000610351562,202.14999389648438,204.08999633789062,2166929
2025-06-04 15:45:00+00:00,203.36000061035156,203.82000732421875,202.63999938964844,202.92999267578125,3077343
2025-06-04 16:00:00+00:00,202.9409942626953,203.38999938964844,202.908203125,203.35000610351562,1030596
2025-06-04 16:15:00+00:00,202.8300018310547,203.32000732421875,202.82000732421875,202.94000244140625,855307
2025-06-04 16:30:00+00:00,202.8300018310547,202.89999389648438,202.61500549316406,202.82000732421875,681726
2025-06-04 16:45:00+00:00,203.1999969482422,203.27000427246094,202.82000732421875,202.82000732421875,588043
2025-06-04 17:00:00+00:00,203.33999633789062,203.52999877929688,203.1999969482422,203.22999572753906,715452
2025-06-04 17:15:00+00:00,203.4149932861328,203.58999633789062,203.2899932861328,203.31500244140625,654001
2025-06-04 17:30:00+00:00,203.09500122070312,203.47000122070312,202.85000610351562,203.41200256347656,719505
2025-06-04 17:45:00+00:00,203.2899932861328,203.36500549316406,202.9488067626953,203.09500122070312,700449
2025-06-04 18:00:00+00:00,203.17999267578125,203.3800048828125,203.10000610351562,203.2899932861328,539229
2025-06-04 18:15:00+00:00,203.1199951171875,203.4499969482422,203.0800018310547,203.1699981689453,650407
2025-06-04 18:30:00+00:00,202.99000549316406,203.1300048828125,202.75999450683594,203.11000061035156,747006
2025-06-04 18:45:00+00:00,202.93499755859375,203.00999450683594,202.76499938964844,202.97000122070312,620292
2025-06-04 19:00:00+00:00,203.08999633789062,203.25,202.89999389648438,202.92999267578125,785941
2025-06-04 19:15:00+00:00,203.19000244140625,203.24000549316406,202.8699951171875,203.0800018310547,960934
2025-06-04 19:30:00+00:00,203.11000061035156,203.44769287109375,203.0500030517578,203.19000244140625,1128686
2025-06-04 19:45:00+00:00,202.88699340820312,203.25,202.75999450683594,203.1199951171875,2414638
2025-06-05 13:30:00+00:00,203.5,203.83999633789062,202.66000366210938,203.59500122070312,3696292
2025-06-05 13:45:00+00:00,201.57000732421875,203.58999633789062,201.27000427246094,203.50999450683594,2462305
2025-06-05 14:00:00+00:00,201.6510009765625,202.3000030517578,201.47999572753906,201.55999755859375,1828040
2025-06-05 14:15:00+00:00,202.4499969482422,202.53379821777344,201.35000610351562,201.66000366210938,1769731
2025-06-05 14:30:00+00:00,202.75999450683594,203.27999877929688,201.6772003173828,202.4499969482422,2360912
2025-06-05 14:45:00+00:00,203.1999969482422,203.3300018310547,202.42999267578125,202.74000549316406,1337095
2025-06-05 15:00:00+00:00,203.4604034423828,203.5500030517578,203.05999755859375,203.1999969482422,1132666
2025-06-05 15:15:00+00:00,204.54379272460938,204.58999633789062,203.3300018310547,203.45010375976562,1800847
2025-06-05 15:30:00+00:00,204.2100067138672,204.75,204.10000610351562,204.53500366210938,1513449
2025-06-05 15:45:00+00:00,204.1649932861328,204.40499877929688,203.87109375,204.22459411621094,1012983
2025-06-05 16:00:00+00:00,203.19979858398438,204.38999938964844,203.1553955078125,204.1649932861328,1143875
2025-06-05 16:15:00+00:00,203.13999938964844,203.13999938964844,202.47999572753906,203.04620361328125,1114728
2025-06-05 16:30:00+00:00,202.7899932861328,203.25,202.76229858398438,203.13999938964844,829290
2025-06-05 16:45:00+00:00,201.8437042236328,202.7899932861328,201.69639587402344,202.7899932861328,1177501
2025-06-05 17:00:00+00:00,202.17999267578125,202.21499633789062,201.5500030517578,201.8350067138672,1118561
2025-06-05 17:15:00+00:00,202.60009765625,202.6699981689453,202.1300048828125,202.17999267578125,823583
2025-06-05 17:30:00+00:00,202.75999450683594,202.89999389648438,202.5399932861328,202.60000610351562,676025
2025-06-05 17:45:00+00:00,202.35000610351562,202.89999389648438,202.25,202.76499938964844,619343
2025-06-05 18:00:00+00:00,201.97999572753906,202.41000366210938,201.8300018310547,202.3699951171875,716149
2025-06-05 18:15:00+00:00,202.2104034423828,202.21499633789062,201.14999389648438,201.97999572753906,1134369
2025-06-05 18:30:00+00:00,202.4600067138672,202.5800018310547,202.05999755859375,202.2100067138672,781324
2025-06-05 18:45:00+00:00,202.35000610351562,202.72000122070312,202.27000427246094,202.52000427246094,757988
2025-06-05 19:00:00+00:00,201.7700958251953,202.41000366210938,201.72000122070312,202.33999633789062,895466
2025-06-05 19:15:00+00:00,200.72999572753906,201.9499969482422,200.1999969482422,201.78500366210938,2390617
2025-06-05 19:30:00+00:00,200.8000030517578,201.39500427246094,200.6199951171875,200.74000549316406,1746210
2025-06-05 19:45:00+00:00,200.5500030517578,201.77000427246094,200.15960693359375,200.8000030517578,4445208
2025-06-06 13:30:00+00:00,204.5050048828125,205.6999969482422,202.98309326171875,202.9949951171875,6167027
2025-06-06 13:45:00+00:00,204.5399932861328,205.16000366210938,204.0626983642578,204.6300048828125,2053214
2025-06-06 14:00:00+00:00,204.2949981689453,204.74459838867188,203.99000549316406,204.57000732421875,1387234
2025-06-06 14:15:00+00:00,203.66000366210938,204.42999267578125,203.3300018310547,204.2949981689453,1498847
2025-06-06 14:30:00+00:00,203.78280639648438,203.88999938964844,203.33999633789062,203.5399932861328,1014244
2025-06-06 14:45:00+00:00,203.14999389648438,203.9199981689453,203.1199951171875,203.77000427246094,1355474
2025-06-06 15:00:00+00:00,203.9199981689453,204.05999755859375,203.11000061035156,203.13999938964844,1517944
2025-06-06 15:15:00+00:00,203.0399932861328,203.9459991455078,202.860107421875,203.94000244140625,1125492
2025-06-06 15:30:00+00:00,203.0749969482422,203.27999877929688,202.8699951171875,203.02000427246094,781166
2025-06-06 15:45:00+00:00,203.0449981689453,203.60000610351562,202.9779052734375,203.0749969482422,797805
2025-06-06 16:00:00+00:00,203.14999389648438,203.18080139160156,202.91000366210938,203.0500030517578,764622
2025-06-06 16:15:00+00:00,202.625,203.14999389648438,202.61000061035156,203.13999938964844,861521
2025-06-06 16:30:00+00:00,202.19000244140625,202.74000549316406,202.0500030517578,202.66220092773438,1085444
2025-06-06 16:45:00+00:00,202.69500732421875,202.77569580078125,202.08999633789062,202.1898956298828,1543999
2025-06-06 17:00:00+00:00,203.25,203.25,202.61000061035156,202.69000244140625,851454
2025-06-06 17:15:00+00:00,203.58999633789062,203.77999877929688,203.17999267578125,203.24000549316406,925915
2025-06-06 17:30:00+00:00,203.98500061035156,204.0,203.58999633789062,203.60000610351562,838493
2025-06-06 17:45:00+00:00,204.05499267578125,204.14999389648438,203.80999755859375,203.97999572753906,710736
2025-06-06 18:00:00+00:00,204.75999450683594,204.9499969482422,204.04010009765625,204.05999755859375,1292735
2025-06-06 18:15:00+00:00,204.98500061035156,205.2100067138672,204.7550048828125,204.75999450683594,1315039
2025-06-06 18:30:00+00:00,205.1699981689453,205.47000122070312,204.99000549316406,204.99000549316406,1140172
2025-06-06 18:45:00+00:00,205.26499938964844,205.42999267578125,205.08999633789062,205.16009521484375,861506
2025-06-06 19:00:00+00:00,204.9550018310547,205.3000030517578,204.92999267578125,205.19900512695312,1237133
2025-06-06 19:15:00+00:00,204.6999969482422,204.98989868164062,204.68499755859375,204.97000122070312,1015048
2025-06-06 19:30:00+00:00,204.97999572753906,205.06500244140625,204.64999389648438,204.69000244140625,1278055
2025-06-06 19:45:00+00:00,203.92999267578125,205.22000122070312,203.89500427246094,204.97500610351562,4564219
2025-06-09 13:30:00+00:00,204.83999633789062,205.5500030517578,203.97999572753906,204.39999389648438,4851305
2025-06-09 13:45:00+00:00,204.8300018310547,205.32000732421875,204.41000366210938,204.84500122070312,1845066
2025-06-09 14:00:00+00:00,205.78500366210938,206.0,204.6699981689453,204.85000610351562,2152267
2025-06-09 14:15:00+00:00,205.32000732421875,205.85000610351562,205.1300048828125,205.7899932861328,1355964
2025-06-09 14:30:00+00:00,205.3800048828125,205.74000549316406,205.1699981689453,205.3000030517578,1478720
2025-06-09 14:45:00+00:00,204.72000122070312,205.39999389648438,204.52999877929688,205.39500427246094,1329937
2025-06-09 15:00:00+00:00,204.7100067138672,204.94000244140625,204.64500427246094,204.72000122070312,1087692
2025-06-09 15:15:00+00:00,204.52999877929688,204.89849853515625,204.50999450683594,204.6999969482422,750183
2025-06-09 15:30:00+00:00,204.4250030517578,204.64999389648438,204.26119995117188,204.5301055908203,909362
2025-06-09 15:45:00+00:00,204.4600067138672,204.58999633789062,204.3000030517578,204.4600067138672,846973
2025-06-09 16:00:00+00:00,204.12620544433594,204.91000366210938,204.0399932861328,204.47999572753906,1398326
2025-06-09 16:15:00+00:00,203.92880249023438,204.25999450683594,203.72999572753906,204.1199951171875,1505871
2025-06-09 16:30:00+00:00,204.66000366210938,204.66000366210938,203.88999938964844,203.92999267578125,1120868
2025-06-09 16:45:00+00:00,204.6999969482422,204.80999755859375,204.5800018310547,204.64999389648438,1140571
2025-06-09 17:00:00+00:00,201.66000366210938,205.29989624023438,201.33999633789062,204.7100067138672,5009395
2025-06-09 17:15:00+00:00,200.72000122070312,202.0,200.02000427246094,201.63900756835938,7678690
2025-06-09 17:30:00+00:00,202.1699981689453,202.1699981689453,200.02999877929688,200.7100067138672,5384207
2025-06-09 17:45:00+00:00,202.46499633789062,202.57000732421875,201.5850067138672,202.1699981689453,2966601
2025-06-09 18:00:00+00:00,201.94000244140625,202.66769409179688,201.6750030517578,202.4499969482422,2595861
2025-06-09 18:15:00+00:00,201.4600067138672,202.22000122070312,201.27000427246094,201.94000244140625,2106856
2025-06-09 18:30:00+00:00,200.91990661621094,201.6179962158203,200.73500061035156,201.42999267578125,2779630
2025-06-09 18:45:00+00:00,201.52000427246094,201.6999969482422,200.6300048828125,200.91000366210938,2606902
2025-06-09 19:00:00+00:00,201.07989501953125,201.5800018310547,201.02999877929688,201.53990173339844,1291753
2025-06-09 19:15:00+00:00,201.25,201.25,200.83999633789062,201.07000732421875,1942065
2025-06-09 19:30:00+00:00,201.02999877929688,201.39999389648438,200.92999267578125,201.2100067138672,1762237
2025-06-09 19:45:00+00:00,201.44000244140625,202.35499572753906,200.88999938964844,201.02000427246094,5636612
2025-06-10 13:30:00+00:00,201.7989959716797,203.14999389648438,200.57000732421875,200.60000610351562,6349149
2025-06-10 13:45:00+00:00,202.1999969482422,203.11000061035156,201.3800048828125,201.80499267578125,2845101
2025-06-10 14:00:00+00:00,202.73500061035156,203.35690307617188,202.17999267578125,202.1999969482422,2368216
2025-06-10 14:15:00+00:00,202.8699951171875,203.33999633789062,202.52029418945312,202.97000122070312,1638226
2025-06-10 14:30:00+00:00,203.2100067138672,203.27999877929688,202.72999572753906,202.86000061035156,1425579
2025-06-10 14:45:00+00:00,204.1199951171875,204.35000610351562,203.16000366210938,203.22000122070312,2266028
2025-06-10 15:00:00+00:00,203.26220703125,204.23199462890625,203.26220703125,204.11000061035156,1680082
2025-06-10 15:15:00+00:00,203.31500244140625,203.75,203.1999969482422,203.25,1253308
2025-06-10 15:30:00+00:00,202.92999267578125,203.32000732421875,202.3000946044922,203.32000732421875,1442778
2025-06-10 15:45:00+00:00,202.9199981689453,203.14999389648438,202.76499938964844,202.9199981689453,782218
2025-06-10 16:00:00+00:00,202.4250030517578,203.14999389648438,202.39999389648438,202.92999267578125,1125836
2025-06-10 16:15:00+00:00,202.53880310058594,202.83999633789062,202.44000244140625,202.49139404296875,943302
2025-06-10 16:30:00+00:00,202.3300018310547,202.76300048828125,202.27999877929688,202.52999877929688,751007
2025-06-10 16:45:00+00:00,202.5850067138672,202.6439971923828,202.07040405273438,202.3350067138672,950429
2025-06-10 17:00:00+00:00,202.19500732421875,202.64500427246094,202.16000366210938,202.5850067138672,1182643
2025-06-10 17:15:00+00:00,201.75999450683594,202.2978057861328,201.75,202.1999969482422,1279143
2025-06-10 17:30:00+00:00,201.36000061035156,201.80499267578125,201.30999755859375,201.77499389648438,1470282
2025-06-10 17:45:00+00:00,201.75,202.02999877929688,201.35000610351562,201.3603973388672,1386718
2025-06-10 18:00:00+00:00,201.5500030517578,201.80999755859375,201.36000061035156,201.75030517578125,1145354
2025-06-10 18:15:00+00:00,201.6999969482422,202.10000610351562,201.49029541015625,201.5428009033203,1124223
2025-06-10 18:30:00+00:00,201.92999267578125,201.9600067138672,201.60000610351562,201.69000244140625,848459
2025-06-10 18:45:00+00:00,202.66000366210938,203.07350158691406,201.83999633789062,201.92979431152344,1572525
2025-06-10 19:00:00+00:00,203.07000732421875,203.22500610351562,202.66000366210938,202.69000244140625,1352017
2025-06-10 19:15:00+00:00,202.82000732421875,203.1199951171875,202.64999389648438,203.0749969482422,1182807
2025-06-10 19:30:00+00:00,202.75,202.97500610351562,202.58999633789062,202.82110595703125,1043342
2025-06-10 19:45:00+00:00,202.75,202.97000122070312,202.3300018310547,202.77000427246094,3037944
2025-06-11 13:30:00+00:00,202.72999572753906,204.5,202.55380249023438,203.47000122070312,4900077
2025-06-11 13:45:00+00:00,202.7801055908203,203.00999450683594,202.5,202.72999572753906,2069092
2025-06-11 14:00:00+00:00,202.76499938964844,202.9665069580078,202.3300018310547,202.8000030517578,1697363
2025-06-11 14:15:00+00:00,202.76010131835938,203.02999877929688,202.46009826660156,202.76499938964844,1720437
2025-06-11 14:30:00+00:00,202.03770446777344,202.77000427246094,201.91000366210938,202.75999450683594,1700368
2025-06-11 14:45:00+00:00,202.1898956298828,202.36000061035156,201.9949951171875,202.02000427246094,1397423
2025-06-11 15:00:00+00:00,201.08999633789062,202.18479919433594,201.00999450683594,202.125,2556532
2025-06-11 15:15:00+00:00,200.94000244140625,201.6999969482422,200.91000366210938,201.22219848632812,1578981
2025-06-11 15:30:00+00:00,200.9051971435547,201.1699981689453,200.83999633789062,200.89500427246094,1655424
2025-06-11 15:45:00+00:00,200.74000549316406,201.14999389648438,200.6199951171875,200.89999389648438,1626431
2025-06-11 16:00:00+00:00,200.2100067138672,200.75999450683594,199.75,200.72999572753906,4834846
2025-06-11 16:15:00+00:00,200.2071075439453,200.24989318847656,199.65960693359375,200.2100067138672,2115585
2025-06-11 16:30:00+00:00,200.4499969482422,200.5800018310547,200.18499755859375,200.19070434570312,2590964
2025-06-11 16:45:00+00:00,200.66000366210938,200.83999633789062,200.42999267578125,200.4600067138672,1126913
2025-06-11 17:00:00+00:00,201.08590698242188,201.2364959716797,200.55999755859375,200.64999389648438,1061597
2025-06-11 17:15:00+00:00,200.91000366210938,201.17999267578125,200.875,201.0800018310547,1049785
2025-06-11 17:30:00+00:00,200.33999633789062,200.98500061035156,200.25,200.90499877929688,1398972
2025-06-11 17:45:00+00:00,199.90499877929688,200.36000061035156,199.80999755859375,200.3300018310547,1226245
2025-06-11 18:00:00+00:00,199.10000610351562,200.0,199.08999633789062,199.91000366210938,2012802
2025-06-11 18:15:00+00:00,199.23919677734375,199.3699951171875,198.7100067138672,199.08999633789062,1690294
2025-06-11 18:30:00+00:00,199.52000427246094,199.60000610351562,198.76499938964844,199.22000122070312,1478820
2025-06-11 18:45:00+00:00,199.06520080566406,199.5800018310547,198.97999572753906,199.52000427246094,1596501
2025-06-11 19:00:00+00:00,198.99000549316406,199.36109924316406,198.75,199.0800018310547,1663176
2025-06-11 19:15:00+00:00,198.97999572753906,199.22999572753906,198.6199951171875,198.99000549316406,1770816
2025-06-11 19:30:00+00:00,198.9600067138672,199.125,198.60000610351562,198.9499969482422,1502770
2025-06-11 19:45:00+00:00,198.85000610351562,199.05999755859375,198.41000366210938,198.9600067138672,4582379
2025-06-12 13:30:00+00:00,197.8699951171875,199.38999938964844,197.73959350585938,199.0800018310547,4866834
2025-06-12 13:45:00+00:00,197.94000244140625,198.25999450683594,197.74000549316406,197.8699951171875,1949037
2025-06-12 14:00:00+00:00,198.25999450683594,198.77999877929688,197.360107421875,197.9250030517578,2294450
2025-06-12 14:15:00+00:00,198.0666961669922,198.5399932861328,197.96009826660156,198.3300018310547,1477996
2025-06-12 14:30:00+00:00,198.3300018310547,198.50880432128906,198.00999450683594,198.0800018310547,1196864
2025-06-12 14:45:00+00:00,198.27879333496094,198.5800018310547,198.19000244140625,198.3300018310547,1165952
2025-06-12 15:00:00+00:00,198.85000610351562,198.9250030517578,198.24049377441406,198.25999450683594,1484798
2025-06-12 15:15:00+00:00,198.14999389648438,198.8800048828125,197.86270141601562,198.85499572753906,1476944
2025-06-12 15:30:00+00:00,197.99000549316406,198.1999969482422,197.7550048828125,198.13369750976562,937737
2025-06-12 15:45:00+00:00,198.3000030517578,198.3278045654297,197.83999633789062,197.99000549316406,1047865
2025-06-12 16:00:00+00:00,198.3699951171875,198.58999633789062,198.0800018310547,198.30979919433594,1070383
2025-06-12 16:15:00+00:00,198.58999633789062,198.63999938964844,198.13999938964844,198.3769073486328,711286
2025-06-12 16:30:00+00:00,198.75999450683594,198.97000122070312,198.2100067138672,198.5800018310547,1139247
2025-06-12 16:45:00+00:00,198.5625,198.9250030517578,198.4595947265625,198.75999450683594,844444
2025-06-12 17:00:00+00:00,199.22500610351562,199.22500610351562,198.4600067138672,198.57000732421875,1111508
2025-06-12 17:15:00+00:00,199.25999450683594,199.44000244140625,199.16000366210938,199.21009826660156,1085343
2025-06-12 17:30:00+00:00,199.18499755859375,199.67990112304688,199.14999389648438,199.25999450683594,990546
2025-06-12 17:45:00+00:00,198.94039916992188,199.22500610351562,198.94039916992188,199.1699981689453,616276
2025-06-12 18:00:00+00:00,198.8699951171875,199.19000244140625,198.83999633789062,198.9600067138672,620357
2025-06-12 18:15:00+00:00,198.75,199.07000732421875,198.6696014404297,198.86000061035156,1100566
2025-06-12 18:30:00+00:00,198.77000427246094,198.87989807128906,198.5449981689453,198.75999450683594,903768
2025-06-12 18:45:00+00:00,198.98500061035156,199.02999877929688,198.66000366210938,198.75999450683594,813759
2025-06-12 19:00:00+00:00,198.8800048828125,199.0500030517578,198.8699951171875,198.9949951171875,654256
2025-06-12 19:15:00+00:00,198.88499450683594,199.0399932861328,198.82989501953125,198.88499450683594,692695
2025-06-12 19:30:00+00:00,198.6199951171875,198.89999389648438,198.58740234375,198.8800048828125,814789
2025-06-12 19:45:00+00:00,199.1999969482422,199.1999969482422,198.39999389648438,198.6199951171875,2995859
2025-06-13 13:30:00+00:00,197.5,200.3699951171875,197.27000427246094,199.50999450683594,7317206
2025-06-13 13:45:00+00:00,196.89999389648438,197.66000366210938,196.75999450683594,197.52999877929688,2822627
2025-06-13 14:00:00+00:00,196.23980712890625,197.3972930908203,195.91000366210938,196.9499969482422,2680281
2025-06-13 14:15:00+00:00,196.15499877929688,196.52999877929688,196.0,196.22999572753906,2018204
2025-06-13 14:30:00+00:00,196.64999389648438,197.1699981689453,195.97999572753906,196.13999938964844,2052479
2025-06-13 14:45:00+00:00,197.11000061035156,197.19979858398438,196.39999389648438,196.66000366210938,1415590
2025-06-13 15:00:00+00:00,197.24000549316406,197.4409942626953,196.97999572753906,197.11000061035156,1311902
2025-06-13 15:15:00+00:00,197.50999450683594,197.63999938964844,197.1092071533203,197.2375030517578,1090099
2025-06-13 15:30:00+00:00,197.6699981689453,197.6988067626953,197.2100067138672,197.52000427246094,968076
2025-06-13 15:45:00+00:00,197.6887969970703,197.8800048828125,197.58999633789062,197.6707000732422,1006746
2025-06-13 16:00:00+00:00,197.9149932861328,198.02999877929688,197.42999267578125,197.67999267578125,1046946
2025-06-13 16:15:00+00:00,197.27000427246094,198.04750061035156,197.22000122070312,197.91000366210938,1056253
2025-06-13 16:30:00+00:00,197.17999267578125,197.47999572753906,197.0800018310547,197.2899932861328,1116004
2025-06-13 16:45:00+00:00,197.4600067138672,197.57000732421875,197.13499450683594,197.17999267578125,791373
2025-06-13 17:00:00+00:00,197.27999877929688,197.47000122070312,196.97000122070312,197.42999267578125,905692
2025-06-13 17:15:00+00:00,197.27000427246094,197.52999877929688,196.9199981689453,197.25,798056
2025-06-13 17:30:00+00:00,197.44949340820312,197.52000427246094,197.1999969482422,197.25,710596
2025-06-13 17:45:00+00:00,197.5399932861328,197.7100067138672,197.25999450683594,197.44000244140625,609738
2025-06-13 18:00:00+00:00,196.63999938964844,197.69000244140625,196.5399932861328,197.5399932861328,1336169
2025-06-13 18:15:00+00:00,196.2779998779297,196.83999633789062,196.22000122070312,196.63999938964844,1355584
2025-06-13 18:30:00+00:00,196.10000610351562,196.30999755859375,195.80999755859375,196.25999450683594,1903892
2025-06-13 18:45:00+00:00,196.46499633789062,196.48500061035156,196.02000427246094,196.11000061035156,1000315
2025-06-13 19:00:00+00:00,196.49000549316406,196.63999938964844,196.11000061035156,196.4550018310547,1010781
2025-06-13 19:15:00+00:00,196.22000122070312,196.5800018310547,196.0800018310547,196.50999450683594,1251244
2025-06-13 19:30:00+00:00,196.0449981689453,196.69000244140625,195.98500061035156,196.24000549316406,1500125
2025-06-13 19:45:00+00:00,196.4499969482422,196.50999450683594,195.77000427246094,196.0399932861328,4157457
2025-06-16 13:30:00+00:00,197.00999450683594,197.83999633789062,196.58999633789062,197.2899932861328,4560322
2025-06-16 13:45:00+00:00,198.32000732421875,198.35000610351562,196.5635986328125,196.97999572753906,2544665
2025-06-16 14:00:00+00:00,197.91000366210938,198.68499755859375,197.63999938964844,198.33999633789062,1654626
2025-06-16 14:15:00+00:00,198.42999267578125,198.5399932861328,197.72999572753906,197.9250030517578,1833293
2025-06-16 14:30:00+00:00,198.30999755859375,198.66000366210938,198.0399932861328,198.43499755859375,1404424
2025-06-16 14:45:00+00:00,198.22000122070312,198.39999389648438,198.00999450683594,198.31500244140625,1044875
2025-06-16 15:00:00+00:00,197.8000030517578,198.22500610351562,197.6199951171875,198.22500610351562,1326465
2025-06-16 15:15:00+00:00,197.31500244140625,197.85000610351562,197.1649932861328,197.76499938964844,1315250
2025-06-16 15:30:00+00:00,197.16000366210938,197.49000549316406,196.9199981689453,197.30999755859375,1390541
2025-06-16 15:45:00+00:00,197.36990356445312,197.4199981689453,196.875,197.14999389648438,1240395
2025-06-16 16:00:00+00:00,197.3699951171875,197.42999267578125,197.1699981689453,197.36500549316406,684579
2025-06-16 16:15:00+00:00,197.0800018310547,197.6300048828125,197.02000427246094,197.3197021484375,954164
2025-06-16 16:30:00+00:00,197.24000549316406,197.41000366210938,197.02000427246094,197.10000610351562,645698
2025-06-16 16:45:00+00:00,197.52000427246094,197.60000610351562,197.17999267578125,197.2476043701172,575595
2025-06-16 17:00:00+00:00,197.49000549316406,197.55999755859375,197.3300018310547,197.50999450683594,609157
2025-06-16 17:15:00+00:00,197.875,197.9550018310547,197.47000122070312,197.49000549316406,847930
2025-06-16 17:30:00+00:00,198.0399932861328,198.13999938964844,197.86000061035156,197.88499450683594,961709
2025-06-16 17:45:00+00:00,197.83999633789062,198.19000244140625,197.77000427246094,198.0572967529297,992133
2025-06-16 18:00:00+00:00,198.0,198.1298065185547,197.8249969482422,197.86000061035156,644559
2025-06-16 18:15:00+00:00,197.9886932373047,198.02000427246094,197.80999755859375,198.0,602424
2025-06-16 18:30:00+00:00,197.85350036621094,198.0399932861328,197.83999633789062,197.99000549316406,552019
2025-06-16 18:45:00+00:00,198.32009887695312,198.39849853515625,197.77000427246094,197.86000061035156,819733
2025-06-16 19:00:00+00:00,198.03500366210938,198.37860107421875,197.66000366210938,198.32000732421875,1076722
2025-06-16 19:15:00+00:00,198.2449951171875,198.39999389648438,197.83999633789062,198.02999877929688,1120672
2025-06-16 19:30:00+00:00,198.3000030517578,198.47869873046875,198.101806640625,198.2449951171875,1050459
2025-06-16 19:45:00+00:00,198.3699951171875,198.49000549316406,197.92999267578125,198.27999877929688,3668508
2025-06-17 13:30:00+00:00,196.55999755859375,197.92999267578125,196.55999755859375,197.25,3596316
2025-06-17 13:45:00+00:00,196.80999755859375,197.0236053466797,196.2550048828125,196.3699951171875,1881682
2025-06-17 14:00:00+00:00,197.62969970703125,197.69000244140625,196.69000244140625,196.8300018310547,1430083
2025-06-17 14:15:00+00:00,197.5800018310547,197.91000366210938,197.44000244140625,197.6199951171875,994315
2025-06-17 14:30:00+00:00,197.50999450683594,197.6999969482422,197.3249969482422,197.58299255371094,981703
2025-06-17 14:45:00+00:00,197.38009643554688,197.77000427246094,197.35000610351562,197.5050048828125,873278
2025-06-17 15:00:00+00:00,197.69000244140625,197.7899932861328,197.34500122070312,197.3800048828125,739106
2025-06-17 15:15:00+00:00,197.5800018310547,197.78500366210938,197.35000610351562,197.69769287109375,773496
2025-06-17 15:30:00+00:00,198.3300018310547,198.375,197.51499938964844,197.58999633789062,1158298
2025-06-17 15:45:00+00:00,197.78500366210938,198.38890075683594,197.78500366210938,198.34109497070312,839583
2025-06-17 16:00:00+00:00,198.11000061035156,198.1300048828125,197.6300048828125,197.78500366210938,741356
2025-06-17 16:15:00+00:00,197.61500549316406,198.14999389648438,197.4600067138672,198.11000061035156,775187
2025-06-17 16:30:00+00:00,197.30670166015625,197.845703125,197.21090698242188,197.61000061035156,562404
2025-06-17 16:45:00+00:00,196.77499389648438,197.41000366210938,196.67999267578125,197.27999877929688,1124275
2025-06-17 17:00:00+00:00,196.68499755859375,196.86000061035156,196.46499633789062,196.75999450683594,1021989
2025-06-17 17:15:00+00:00,196.52000427246094,196.8300018310547,196.5,196.69000244140625,1765073
2025-06-17 17:30:00+00:00,196.30999755859375,196.82000732421875,196.2700958251953,196.50999450683594,871679
2025-06-17 17:45:00+00:00,196.1199951171875,196.4250030517578,195.94000244140625,196.30999755859375,1159315
2025-06-17 18:00:00+00:00,195.74000549316406,196.1199951171875,195.5800018310547,196.1199951171875,1042670
2025-06-17 18:15:00+00:00,195.4600067138672,195.8300018310547,195.2100067138672,195.72999572753906,937966
2025-06-17 18:30:00+00:00,195.69000244140625,195.86000061035156,195.42030334472656,195.47999572753906,898566
2025-06-17 18:45:00+00:00,195.84030151367188,195.8699951171875,195.53500366210938,195.69000244140625,683346
2025-06-17 19:00:00+00:00,195.83999633789062,195.9149932861328,195.49000549316406,195.85000610351562,1143471
2025-06-17 19:15:00+00:00,195.83999633789062,195.94000244140625,195.6199951171875,195.84500122070312,891044
2025-06-17 19:30:00+00:00,195.6300048828125,195.88499450683594,195.4550018310547,195.85000610351562,1251113
2025-06-17 19:45:00+00:00,195.63999938964844,195.86000061035156,195.4409942626953,195.6300048828125,3070468
2025-06-18 13:30:00+00:00,195.47999572753906,196.13999938964844,195.07000732421875,195.9199981689453,3511634
2025-06-18 13:45:00+00:00,196.38999938964844,196.46499633789062,195.27000427246094,195.47000122070312,1800506
2025-06-18 14:00:00+00:00,197.07989501953125,197.2406005859375,196.2100067138672,196.38999938964844,1988311
2025-06-18 14:15:00+00:00,197.06019592285156,197.50999450683594,196.9801025390625,197.07000732421875,1362680
2025-06-18 14:30:00+00:00,197.3000030517578,197.57000732421875,196.97000122070312,197.11000061035156,1236787
2025-06-18 14:45:00+00:00,197.25,197.3717041015625,197.0800018310547,197.2949981689453,913560
2025-06-18 15:00:00+00:00,196.96629333496094,197.2949981689453,196.87969970703125,197.24000549316406,897116
2025-06-18 15:15:00+00:00,196.94000244140625,197.07000732421875,196.63499450683594,196.81500244140625,930037
2025-06-18 15:30:00+00:00,196.5399932861328,196.88499450683594,196.50030517578125,196.85000610351562,721502
2025-06-18 15:45:00+00:00,196.82000732421875,197.22000122070312,196.731201171875,196.8800048828125,917678
2025-06-18 16:00:00+00:00,197.07000732421875,197.22999572753906,196.75999450683594,196.82000732421875,520925
2025-06-18 16:15:00+00:00,196.9508056640625,197.18499755859375,196.77999877929688,197.0800018310547,516786
2025-06-18 16:30:00+00:00,196.8300018310547,197.02000427246094,196.7449951171875,196.94000244140625,548395
2025-06-18 16:45:00+00:00,196.4550018310547,196.9499969482422,196.4199981689453,196.82000732421875,720113
2025-06-18 17:00:00+00:00,196.4550018310547,196.539794921875,196.25,196.33999633789062,701549
2025-06-18 17:15:00+00:00,196.05999755859375,196.57000732421875,196.0500030517578,196.46499633789062,557922
2025-06-18 17:30:00+00:00,196.53619384765625,196.5399932861328,195.8000030517578,196.07000732421875,715619
2025-06-18 17:45:00+00:00,196.47000122070312,196.85989379882812,196.3000030517578,196.5399932861328,1010975
2025-06-18 18:00:00+00:00,196.02479553222656,196.97999572753906,195.8699951171875,196.5,1078910
2025-06-18 18:15:00+00:00,195.91000366210938,196.13999938964844,195.6300048828125,196.02999877929688,878310
2025-06-18 18:30:00+00:00,196.32090759277344,196.4499969482422,195.63059997558594,195.9199981689453,1165523
2025-06-18 18:45:00+00:00,195.36000061035156,196.32000732421875,195.11000061035156,196.32000732421875,1247259
2025-06-18 19:00:00+00:00,195.9499969482422,196.10000610351562,195.13999938964844,195.3699951171875,1384118
2025-06-18 19:15:00+00:00,195.63999938964844,196.28919982910156,195.60000610351562,195.9600067138672,1213004
2025-06-18 19:30:00+00:00,196.2899932861328,196.3000030517578,195.46600341796875,195.6300048828125,1509102
2025-06-18 19:45:00+00:00,196.25,197.11000061035156,196.0601043701172,196.27999877929688,6153108
2025-06-20 13:30:00+00:00,200.59950256347656,200.94000244140625,197.52999877929688,198.23500061035156,18081956
2025-06-20 13:45:00+00:00,199.84500122070312,200.71910095214844,199.72999572753906,200.59500122070312,2704015
2025-06-20 14:00:00+00:00,199.57000732421875,199.94000244140625,198.97999572753906,199.83999633789062,2185758
2025-06-20 14:15:00+00:00,198.67999267578125,199.74000549316406,198.55999755859375,199.5449981689453,3064638
2025-06-20 14:30:00+00:00,197.79190063476562,198.69000244140625,197.6300048828125,198.69000244140625,2064731
2025-06-20 14:45:00+00:00,197.27980041503906,197.83999633789062,197.03500366210938,197.7899932861328,1523922
2025-06-20 15:00:00+00:00,197.66000366210938,197.75,196.85960388183594,197.25999450683594,1918187
2025-06-20 15:15:00+00:00,197.6699981689453,198.0,197.50999450683594,197.6699981689453,1053750
2025-06-20 15:30:00+00:00,198.77499389648438,198.86000061035156,197.6999969482422,197.7100067138672,1733472
2025-06-20 15:45:00+00:00,198.0800018310547,198.77999877929688,197.99000549316406,198.77999877929688,1114067
2025-06-20 16:00:00+00:00,198.18919372558594,198.50999450683594,197.91000366210938,198.05999755859375,588688
2025-06-20 16:15:00+00:00,198.49000549316406,198.53599548339844,197.9199981689453,198.1699981689453,851445
2025-06-20 16:30:00+00:00,198.5,198.8249969482422,198.2899932861328,198.49000549316406,733443
2025-06-20 16:45:00+00:00,198.80999755859375,198.93910217285156,198.3300018310547,198.48500061035156,1695094
2025-06-20 17:00:00+00:00,199.16900634765625,199.23500061035156,198.52000427246094,198.7899932861328,742530
2025-06-20 17:15:00+00:00,198.32000732421875,199.3699951171875,198.27000427246094,199.17759704589844,1115796
2025-06-20 17:30:00+00:00,198.48500061035156,198.65499877929688,198.07000732421875,198.32000732421875,1210356
2025-06-20 17:45:00+00:00,199.13999938964844,199.17999267578125,198.36000061035156,198.47999572753906,1584207
2025-06-20 18:00:00+00:00,199.72999572753906,199.80499267578125,199.11289978027344,199.14500427246094,1201932
2025-06-20 18:15:00+00:00,199.80999755859375,200.19000244140625,199.65499877929688,199.7100067138672,1320714
2025-06-20 18:30:00+00:00,199.9499969482422,200.1699981689453,199.80999755859375,199.82000732421875,1786428
2025-06-20 18:45:00+00:00,199.7100067138672,200.13999938964844,199.64999389648438,199.9600067138672,1563273
2025-06-20 19:00:00+00:00,199.9199981689453,200.33670043945312,199.6199951171875,199.7100067138672,2533449
2025-06-20 19:15:00+00:00,199.92999267578125,200.17999267578125,199.60009765625,199.91000366210938,2044487
2025-06-20 19:30:00+00:00,199.97000122070312,200.19500732421875,199.77000427246094,199.9199981689453,1703645
2025-06-20 19:45:00+00:00,200.94000244140625,201.6999969482422,199.94500732421875,199.97500610351562,9051479
2025-06-23 13:30:00+00:00,201.52000427246094,201.72000122070312,199.94000244140625,201.53199768066406,6565539
2025-06-23 13:45:00+00:00,201.7100067138672,201.91000366210938,201.21539306640625,201.52999877929688,2252893
2025-06-23 14:00:00+00:00,201.60000610351562,202.3000030517578,201.52999877929688,201.72000122070312,2520639
2025-06-23 14:15:00+00:00,201.37179565429688,201.6999969482422,201.1699981689453,201.61000061035156,1490138
2025-06-23 14:30:00+00:00,201.53500366210938,201.5500030517578,200.91000366210938,201.3800048828125,1322873
2025-06-23 14:45:00+00:00,200.4550018310547,201.58999633789062,200.3800048828125,201.5399932861328,1437507
2025-06-23 15:00:00+00:00,200.57000732421875,200.80999755859375,200.30999755859375,200.46499633789062,1252827
2025-06-23 15:15:00+00:00,200.52999877929688,200.74000549316406,200.22500610351562,200.6199951171875,1307955
2025-06-23 15:30:00+00:00,199.71499633789062,200.4149932861328,199.50999450683594,200.3300018310547,1826160
2025-06-23 15:45:00+00:00,199.8800048828125,200.01040649414062,199.64999389648438,199.71499633789062,1167606
2025-06-23 16:00:00+00:00,199.9600067138672,199.99000549316406,199.61000061035156,199.8800048828125,877595
2025-06-23 16:15:00+00:00,200.1396026611328,200.52000427246094,199.89999389648438,199.9499969482422,1122121
2025-06-23 16:30:00+00:00,200.26499938964844,200.5,198.9600067138672,200.13999938964844,1515058
2025-06-23 16:45:00+00:00,199.7100067138672,200.52999877929688,199.6251983642578,200.25999450683594,961155
2025-06-23 17:00:00+00:00,200.47999572753906,200.9499969482422,199.6300048828125,199.6300048828125,1196528
2025-06-23 17:15:00+00:00,201.43899536132812,201.52000427246094,200.4499969482422,200.49000549316406,1222060
2025-06-23 17:30:00+00:00,201.44000244140625,201.82000732421875,201.3000030517578,201.4600067138672,1197460
2025-06-23 17:45:00+00:00,201.22999572753906,201.6199951171875,201.0800018310547,201.44000244140625,799971
2025-06-23 18:00:00+00:00,202.0,202.07000732421875,201.23500061035156,201.25,2595629
2025-06-23 18:15:00+00:00,201.69000244140625,202.24000549316406,201.66000366210938,202.00999450683594,2042394
2025-06-23 18:30:00+00:00,201.6750030517578,201.8968048095703,201.6300048828125,201.6699981689453,939169
2025-06-23 18:45:00+00:00,201.42999267578125,201.7010955810547,201.35000610351562,201.66000366210938,809414
2025-06-23 19:00:00+00:00,201.35960388183594,201.75999450683594,201.30479431152344,201.4199981689453,1019326
2025-06-23 19:15:00+00:00,201.36019897460938,201.52000427246094,201.0507049560547,201.3699951171875,1416649
2025-06-23 19:30:00+00:00,201.1992950439453,201.47979736328125,201.13499450683594,201.35000610351562,1095383
2025-06-23 19:45:00+00:00,201.5500030517578,201.83999633789062,201.14999389648438,201.18499755859375,2869896
2025-06-24 13:30:00+00:00,201.85049438476562,202.6699981689453,201.44000244140625,201.60000610351562,5549166
2025-06-24 13:45:00+00:00,200.4199981689453,201.8800048828125,200.22000122070312,201.85000610351562,3316543
2025-06-24 14:00:00+00:00,200.73959350585938,201.17999267578125,200.1999969482422,200.42999267578125,2167291
2025-06-24 14:15:00+00:00,200.9822998046875,201.3300018310547,200.64999389648438,200.77000427246094,1475328
2025-06-24 14:30:00+00:00,201.3800048828125,201.4199981689453,200.90020751953125,200.99000549316406,1086002
2025-06-24 14:45:00+00:00,200.97999572753906,201.5800018310547,200.75,201.3800048828125,1424761
2025-06-24 15:00:00+00:00,201.20579528808594,201.2949981689453,200.7404022216797,200.97999572753906,1301134
2025-06-24 15:15:00+00:00,201.3800048828125,201.4199981689453,201.04229736328125,201.1894989013672,873681
2025-06-24 15:30:00+00:00,201.9949951171875,202.0399932861328,201.24000549316406,201.4600067138672,1303176
2025-06-24 15:45:00+00:00,201.90499877929688,202.08999633789062,201.67999267578125,201.9949951171875,1025675
2025-06-24 16:00:00+00:00,202.19000244140625,202.47500610351562,201.80999755859375,201.9199981689453,1332565
2025-06-24 16:15:00+00:00,202.4499969482422,202.56500244140625,202.0800018310547,202.18499755859375,1062712
2025-06-24 16:30:00+00:00,203.33999633789062,203.44000244140625,202.42999267578125,202.45150756835938,2274594
2025-06-24 16:45:00+00:00,202.43499755859375,203.39500427246094,202.2899932861328,203.35000610351562,2276888
2025-06-24 17:00:00+00:00,202.14999389648438,202.5399932861328,201.99000549316406,202.4199981689453,1074141
2025-06-24 17:15:00+00:00,201.9600067138672,202.52000427246094,201.94000244140625,202.16000366210938,1304894
2025-06-24 17:30:00+00:00,202.2100067138672,202.28880310058594,201.83999633789062,201.9600067138672,1120634
2025-06-24 17:45:00+00:00,202.2050018310547,202.3300018310547,202.0399932861328,202.22000122070312,908207
2025-06-24 18:00:00+00:00,201.49000549316406,202.26080322265625,201.44000244140625,202.2100067138672,1450403
2025-06-24 18:15:00+00:00,201.57000732421875,201.69000244140625,201.30999755859375,201.5,1119827
2025-06-24 18:30:00+00:00,201.57000732421875,201.83999633789062,201.47000122070312,201.5800018310547,921739
2025-06-24 18:45:00+00:00,201.44529724121094,201.62600708007812,201.30499267578125,201.57000732421875,1326861
2025-06-24 19:00:00+00:00,201.7550048828125,202.01499938964844,201.4250030517578,201.44900512695312,1674129
2025-06-24 19:15:00+00:00,201.52999877929688,201.9149932861328,201.52000427246094,201.7550048828125,1092548
2025-06-24 19:30:00+00:00,200.84500122070312,201.5998992919922,200.81419372558594,201.53500366210938,2070596
2025-06-24 19:45:00+00:00,200.2899932861328,200.94000244140625,200.27000427246094,200.84500122070312,5417609
2025-06-25 13:30:00+00:00,202.26519775390625,203.66000366210938,201.1999969482422,201.4199981689453,5551247
2025-06-25 13:45:00+00:00,201.7899932861328,202.8000030517578,201.6699981689453,202.2550048828125,2279493
2025-06-25 14:00:00+00:00,201.41000366210938,201.77999877929688,201.34219360351562,201.75999450683594,1557533
2025-06-25 14:15:00+00:00,202.44000244140625,202.4499969482422,201.24000549316406,201.41000366210938,1506087
2025-06-25 14:30:00+00:00,203.09449768066406,203.1750030517578,202.32009887695312,202.44000244140625,1879943
2025-06-25 14:45:00+00:00,202.4550018310547,203.10000610351562,202.27499389648438,203.08999633789062,1258140
2025-06-25 15:00:00+00:00,202.25,202.5500030517578,202.14999389648438,202.44000244140625,1774679
2025-06-25 15:15:00+00:00,202.10000610351562,202.23500061035156,201.99000549316406,202.1999969482422,1002112
2025-06-25 15:30:00+00:00,201.94500732421875,202.1699981689453,201.82760620117188,202.10499572753906,811659
2025-06-25 15:45:00+00:00,201.97500610351562,202.08999633789062,201.83999633789062,201.89999389648438,1287015
2025-06-25 16:00:00+00:00,201.7989044189453,202.1298065185547,201.7001953125,201.99000549316406,660997
2025-06-25 16:15:00+00:00,201.8699951171875,201.92999267578125,201.39999389648438,201.8000030517578,811348
2025-06-25 16:30:00+00:00,201.74000549316406,201.88999938964844,201.67999267578125,201.8800048828125,550201
2025-06-25 16:45:00+00:00,202.05499267578125,202.17970275878906,201.75,201.75999450683594,754028
2025-06-25 17:00:00+00:00,201.6649932861328,202.08999633789062,201.47999572753906,202.05630493164062,812549
2025-06-25 17:15:00+00:00,201.13999938964844,201.6699981689453,201.08999633789062,201.66000366210938,714124
2025-06-25 17:30:00+00:00,200.9199981689453,201.13999938964844,200.62010192871094,201.13999938964844,1223007
2025-06-25 17:45:00+00:00,200.99989318847656,201.27999877929688,200.8699951171875,200.90199279785156,835121
2025-06-25 18:00:00+00:00,200.97000122070312,201.11000061035156,200.85580444335938,201.0,563771
2025-06-25 18:15:00+00:00,201.01539611816406,201.02870178222656,200.8800048828125,200.97000122070312,536974
2025-06-25 18:30:00+00:00,201.22630310058594,201.5,200.9499969482422,201.02000427246094,750467
2025-06-25 18:45:00+00:00,201.0749969482422,201.35499572753906,201.0399932861328,201.22500610351562,507345
2025-06-25 19:00:00+00:00,201.2899932861328,201.375,201.06500244140625,201.07000732421875,819920
2025-06-25 19:15:00+00:00,201.15980529785156,201.3800048828125,201.00999450683594,201.2899932861328,996080
2025-06-25 19:30:00+00:00,201.08999633789062,201.35989379882812,200.88499450683594,201.13999938964844,1318151
2025-06-25 19:45:00+00:00,201.60000610351562,201.6199951171875,201.0,201.0800018310547,2740597
2025-06-26 13:30:00+00:00,200.02000427246094,202.61500549316406,199.66000366210938,202.35000610351562,5411859
2025-06-26 13:45:00+00:00,201.0,201.0500030517578,199.76119995117188,200.0198974609375,2599919
2025-06-26 14:00:00+00:00,200.67999267578125,201.35000610351562,200.6300048828125,201.0050048828125,1665017
2025-06-26 14:15:00+00:00,199.75,200.9600067138672,199.64999389648438,200.67999267578125,2184306
2025-06-26 14:30:00+00:00,199.77000427246094,200.09890747070312,199.6750030517578,199.74000549316406,1609846
